AAA The Cleaner Team VOF;Aresstraat 5-05;5048CD;Tilburg
De Gordijnenbus;Hoofdweg 88;9617AJ;Harkstede
Melior Pakkettenservice;Zinkerstraat 13;3071HP;Rotterdam
Montha Laarbeek Beheer B.V.;Servaasstraat 3;5737AP;Lieshout
Buslease BV;Mark S Clarkelaan 11;4761RK;Zevenbergen
Hurks Beleggingsmaatschappij;Stationsweg Oost 281 C;3931ER;Woudenberg
Bruining Postmus BV;De Bosk 1 A;9281NR;Harkema
Stichting Jeugdtandzorg West;Calandstraat 1;2521AD;Den Haag
Har. Kassenbouw;Koperslager 19/21;2631RK;Nootdorp
X-Kote;Weg en Land 46;2661KR;Bergschenhoek
Douma Staal BV;Postbus 200;8600AE;Sneek
Vlaming Groep BV;Zaadmarkt 8;1681PD;Zwaagdijk-Oost
Heijmans Uitzendorganisatie;Hoogstraat 11;4651XA;Steenbergen Nb
Detec Telstar;Purmerenderweg 42;1461DD;Zuidoostbeemster
Bos Installatiewerken BV;Tennesseedreef 17;3565CK;Utrecht
Bos Dakbedekkingen BV;Tennesseedreef 17;3565CK;Utrecht
Hollandia Steigerverhuur B.V.;Zuideinde 81 A;1121DD;Landsmeer
J. de Bruyn Internationaal Transport;Batuwseweg 64/66;3412KZ;Lopikerkapel
Kooloos Bouw;Hessenweg 319 A;3791PJ;Achterveld
Taxibedrijf AATK;Rauwveld 63;5641NL;Eindhoven
Ten Cate Wonen & Slapen;Koekoeksweg 8;8084GM;E't Harde
Bouwbedrijf van den Berg;Saksen-Weimarstraat 1;8091WJ;Wezep
APS Algemene Project Service BV;Schweitzerlaan 22;1187JD;Amstelveen
ANSO Facilitaire Diensten BV;Schweitzerlaan 22;1187JD;Amstelveen
FSH Bedrijfsdiensten;Schweitzerlaan 20;1187JD;Amstelveen
Press Courier Services BV;Kennedylaan 3;6029RD;Sterksel
Valuepack BV;De Vlotkamphof 4;6545AG;Nijmegen
Vivanco Benelux BV;Galvanibaan 8;3439MG;Nieuwegein
Lemstra Koerier;Regulieren ring 31;3981LA;Bunnik
People & Print Group;Solingenstraat 8;7421ZT;Deventer
Maat BV;Volendamlaan 700;2547CK;Den Haag
NMS Telecom;De Standerd 17 C;3774SC;Kootwijkerbroek
Bloemenhandel Niels van Vlerken;Prinsbernhardstraat 22;5721GC;Asten
BGM Beheer BV;Zandweg 1 C;5437BS;Beers Fr
Bovrie Betonboringen BV;Constructieweg 86;3641SP;Mijdrecht
Lycatel BV;Robijnlaan 19;2132WX;Hoofddorp
DM Struik;St. Elizabethstraat 10;3249BV;Herkingen
Loodgieters- en Installatiebedrijf J.W. Lahnemann;Limburglaan 6 A;2101SB;Heemstede
v/d Heuvel Alu Products B.V.;Pottenbakkerstraat 32;4871EP;Etten -Leur
Loodgietersbedrijf Sombroek;Morseweg 59;1131PH;Volendam
Prestige Design;De heemstraat 164 A;2525EN;Den Haag
Woningstichting Wherestad;Kometenstraat 6;1443BA;Purmerend
Nokik BV;Postbus 4137;2003EC;Haarlem
KRM;Ter Weerlaan 12;2241VB;Wassenaar
Martons;Timorstraat 3;1521BE;Wormerveer
Fire Stop Holland;Nijverheidsweg 17;7671DA;Vriezenveen
Cantorclin Glas- en Vloeronderhoud;Westerweiden 7;7961EA;Ruinerwold
Drukkerij Grafeno BV;Adrianalaan 371;3053JB;Rotterdam
Gelmers & Co.;F. Bolstraat 74;1816CV;Alkmaar
Rock Dreams Holding BV;Oosteindeseweg 80;2661EE;Bergschenhoek
Nokik Leidsche Rijn BV;Postbus 4137;2003EC;Haarlem
Veldhoen;Lunterseweg 45;6718WC;Ede Gld
Loodgietersbedrijf EKL;Mercuriuslaan 13;1131VT;Volendam
Administratiekantoor C.C. Otto;IJsbaan 81;3362KB;Sliedrecht
Grondwerken J.E. Lievaart;Kerkweg West 50;2742BE;Waddinxveen
VMSE;Weg en Bos 31 D;2661DL;Bergschenhoek
Expert Impex B.V.;Laagraven 33;3439LJ;Nieuwegein
Brouwer Zwaar & Speciaal Transport BV;Utrechthaven 7;3433PN;Nieuwegein
Ruud Brouwer Nieuwegein Beheer BV;Handelskade 78;3434BE;Nieuwegein
Susan Brouwer Nieuwegein Beheer BV;Handelskade 78;3434BE;Nieuwegein
Jos Brouwer Nieuwegein Beheer BV;Handelskade 78;3434BE;Nieuwegein
Klaas Brouwer Nieuwegein Beheer BV;Handelskade 78;3434BE;Nieuwegein
Brouwer Zwaar- en Speciaal Transport BV;Utrechthaven 7;3433PN;Nieuwegein
Patrick Verhoeven BV;Narcislaan 7;5384GM;Heesch
RailSupport;Postbus 205;1380AE;Weesp
Emres Benelux;Edisonstraat 55;2723RS;Zoetermeer
Vrolijk VOF;Stadsedijk 28;4796RE;Oudemolen Nb
Kees Kooijman;Groeninx van Zoelenstraat 11;4401KB;Yerseke
Ensing Vastgoed;Nijverheidsweg 17;9403VN;Assen
Rasenberg Wagenberg BV;Wagenstraat 66 B;4845CW;Wagenberg
Timmerbedrijf van Donselaar;Spanjeweg 28 B;2411PX;Bodegraven
Paul Scholten Tegelwerken;Maasstraat 27 A;6125AR;Obbicht
Wilco Aannemingsbedrijf;Diedenweg 24;6721HR;Bennekom
Black Sea Koeriersdiensten BV;Rijswijkseweg 60 (10 e);2516EH;Den Haag
Black Sea Holding BV;Rijswijkseweg 60 (10 e);2516EH;Den Haag
Reclame Verspreidingen Haaglanden;Koperwerf 27;2544EM;Den Haag
MKB Machinefabriek;Bovendijk 152;3045PD;Rotterdam
Overeem Beheer BV;Zwanenweide 21;3742XW;Baarn
Overeem Telecom BV;Zwanenweide 21;3742XW;Baarn
MKB Machinefabriek .;Woensdrechtstraat 67;3045PZ;Rotterdam
Phylpa Bv;Maasstraat 27 A;6125AR;Obbicht
Glansschoon;Friezenoord 15;3079LC;Rotterdam
Attent Beveiligingen;Klaverweide 33;2272VV;Voorburg
Rasenberg Machines BV;Wagenstraat 66 B;4845CW;Wagenberg
Pronk Beheer BV;Speenkruid 14;9207KL;Drachten
Progatech Glasvezeltechniek;Nipkowlaan 11;9207JA;Drachten
Botenga Beheer BV;Brouwerssingel 36;9201VC;Drachten
Dekker Beheer BV;Pottenbakkerstraat 29;8043BM;Zwolle
DJB Beheer ;Stuurboord 12-13 ;9206BK;Drachten
Van Lent Koeriersdiensten;Ritmeester 2;5346WL;Oss
Van der Burg & Bol;Elbe 1;2691BT;Den Haag
GroenwerkXL;Guldenweg 4 A;7051HT;Varsseveld
De Jager Personeel BV;Hoofdweg 60;4411NA;Rilland
Red Wire Logistics;Julianastraat 2;4273CE;Hank
GroenwerkXL (nevenvestiging);Guldenweg 6;7051HT;Varsseveld
GroenwerkXL (nevenvestiging Ruurlo);Haarskamp 11;7261ZA;Ruurlo
A.R.M. Transport;Molenstraat 82 B;4881CT;Zundert
Ad Kemmeren Transport;Stadsweg 27;4931EC;Geertruidenberg
GST Kleintransport;Benraatshoef 247;4941TK;Raamsdonksveer
Knol Papier Recycling;Parelstraat 21;7554TL;Hengelo Gld
Red Wire Logistics.;Ruisvoorn 14;4941CB;Raamsdonksveer
Mouthaan Interhijs;Postbus 111;4780AD;Moerdijk
Aleto ;1e Lambertusstraat 26;5925GM;Venlo
Soil Select BV;Schietlood 14 D;2495AN;Den Haag
Rien de Jager B.V.;Grintweg 41;4401ND;Yerseke
Chiel de Jager B.V.;Langeviele 63;4401AM;Yerseke
J.J. de Jager Beheer B.V.;Langeviele 68;4401AM;Yerseke
Shield Beveiligingstechniek;De Trompet 1690;1967DB;Heemskerk
Tulp Bijl;Frankenweg 20;6716AA;Ede Gld
Schelvis Schilders BV;A. Nekenstraat 4;2331NS;Leiden
Aleto ;Hamweg 3;5961PS;Horst a/d Maas
Wolfshaar Grondverzet & Aannemers BV;Scheidingsweg 4;3829ME;Hooglanderveen
Global Flex;Laan op Zuid 394 C;3071AA;Rotterdam
Global Flex;Rottestraat 31;3032XK;Rotterdam
Global Flex;Zuidzijde Haven 39 A;4611HC;Bergen Op Zoom
KSP Kunstgras;Groene Velden 62;8211BB;Lelystad
Regio Taxi Spijkenisse;Uilenhoek 7;3201SL;Spijkenisse
Multiklus Schepers;Tuinlaan 42;3111AV;Schiedam
Middelbeek Lease;Frieseweg 11;1823GA;Alkmaar
Flex-Max;Einsteinlaan 10;2289CC;Rijswijk
Global Tank Cleaning Applications Construction B.V.;Mookhoek 62;3293AG;Mookhoek
Attent S.O.V. FlevoNatuur;Wielse Weg 3-182;3896LA;Zeewolde
Hoveniersbedrijf Paul van Stippent;Rubensstraat 14;5171ZJ;Kaatsheuvel
Coracha;Jan Melissenlaan 5;1187TK;Amstelveen
Klarenbeek BV;Amstelveenseweg 1162;1081JW;Amsterdam
Wijbenga Medemblik BV;Almereweg 37;1671ND;Medemblik
Rene Konijn;Oetewalerstraat 14;1093JR;Amsterdam
Installatiebedrijf B. van der Meer BV;Wesselseweg 141;3774RK;Kootwijkerbroek
Target Groep;Hillestraat 15;3072JK;Rotterdam
Wijbenga Medemblik BV;Almereweg 36;1671ND;Medemblik
Wijbenga Beheer BV;Drogewijmersweg 5-104;1671ND;Medemblik
R.V.O. Koeriers;Gierelaar 61;4724DH;Wouw
Lightfoot Haaren h.o.d.n. Jack at Work;Posthoorn 1;5076RD;Haaren
Suit Uitzendburo en Detachering B.V.;Nieuwe Markt 67 C;4701AD;Roosendaal
Suit Uitzendburo en Detachering B.V.;Nieuwe Markt 67 D;4701AD;Roosendaal
De Paauw Plastic Recycling;Lenteweg 40;7532NB;Enschede
Rodepa Plastics;Binnehaven 136;7547BJ;Enschede
Hahebo BV;Transportcentrum 8;5835CT;Beugen
Karin Hoornstra Interim Management B.V.;Pepergaweg 14;8396GX;Peperga
Interjobs B.V.;Smidstraat 30;6744WT;Ederveen
Hapak B.V.;Brinklanderweg 14 B;6744PC;Ederveen
HDK Kabel- en Montagewerken BV;Sevenhovenstraat 22;3412KK;Lopikerkapel
Speedy Cleaning;Industrieweg 7;2712LA;Zoetermeer
Centrum Zeewolde BV;Wielseweg 3 - 54;3896LA;Zeewolde
FW Koeriers Doesburg;Beumerskamp 19;6983GE;Doesburg
Atik uizendbureau;Raadhuisstraat 87;4701PN;Roosendaal
Melvins Tweewielers;Mgr. Hanssenstraat 1 A;5807BA;Oostrum Lb
Jansen Hoveniers;Markervaart 5;1536AB;Markenbinnen
Van Nijnatten BV;Zandspui 67;4873LZ;Etten-Leur
ATKB;Nijverheidsweg 22;3251IP;Stellendam
Loman Koeriersdienst VOF;Ferdinand Bolstraat 14;4625BB;Bergen Op Zoom
VDG Installaties B.V.;Industrieweg 12;3281LB;Numansdorp
EKB Groep;Postbus 128;1940AC;Beverwijk
Van Zon Arbeidsbemiddeling BV;E't Straatje;8081RN;Elburg
System Intelligence;Beerseweg 24 ;5451NS;Mill
De Kraan Installatietechniek B.V.;Nikkelstraat 24;4823AB;Breda
Plastisol;Molenveld 5;5446BL;Wanroij
Flaton Stoffering;Paul Steenbergenlaan 48;2548ZJ;Den Haag
Bouwbedrijf MarcoE's;Boxenring 40;1156DL;Marken
Bouwbedrijf Voorthuizen;Maarsbergseweg 40;3931JJ;Woudenberg
Walinga Transport;Edisonstraat  2  A;8606JJ;Sneek
Installatiebedrijf Lanting;Kielerbocht 39;9723JA;Groningen
Rungis BV;Handelscentrum ZHZ 48;2991LD;Barendrecht
Sigma Zorg BV;Jan Tooropstraat 573 ;1061AE;Amsterdam
Rijschool van Roekel (Safe Drive Rijopleidingen);Zwanebloem  11;3931WK;Woudenberg
Bakker Bestratingen BV;Oudedijk 8;8096RK;Oldebroek

